Algorithm,Map,Cost,Runtime
RRT_Star,test_1,28.76666803231207,0.3978109359741211
RRT_Connect,test_1,33.17967812194483,1.451441764831543
RRT_star_with_bspline,test_1,32.81902107710132,2.339327573776245
RRT_with_probability,test_1,69.5058246688382,8.79519534111023
RRT_Star,test_2,54.99719354021479,29.95273184776306
RRT_Connect,test_2,,
RRT_star_with_bspline,test_2,53.720593077895856,2.9371540546417236
RRT_with_probability,test_2,,
